iteration,k,sse,mdl,operation
0,2,152.34795176035792,1277.6228147218746,split
1,2,152.34795176035792,1277.6228147218746,none
2,2,152.34795176035792,1277.6228147218746,none
3,2,152.34795176035792,1277.6228147218746,none
4,2,152.34795176035792,1277.6228147218746,none
5,2,152.34795176035792,1277.6228147218746,none
