iteration,k,sse,mdl,operation
0,2,19620.14142208094,11763.818775776628,split
1,3,11777.572306123528,8199.0154681585,split
2,4,1432.1237511810573,3297.809940326688,split
3,4,237.22258583441356,2700.3593576533663,none
4,4,237.22258583441356,2700.3593576533663,none
5,4,237.22258583441356,2700.3593576533663,none
6,4,237.22258583441356,2700.3593576533663,none
7,4,237.22258583441356,2700.3593576533663,none
8,4,237.22258583441356,2700.3593576533663,none
