iteration,k,sse,mdl,operation
0,2,21085.229995075617,12496.363062273967,split
1,3,12124.25342220974,8372.356026201607,split
2,4,2373.0489513384555,3768.272540405387,split
3,4,1408.9480384422181,3286.2220839572683,none
4,4,1366.402094406222,3264.9491119392706,none
5,4,1366.402094406222,3264.9491119392706,none
6,4,1366.402094406222,3264.9491119392706,none
7,4,1366.402094406222,3264.9491119392706,none
8,4,1366.402094406222,3264.9491119392706,none
9,4,1366.402094406222,3264.9491119392706,none
